date,gdp_m,quarter
1955-01-01,149440,1955 Q1
1955-04-01,149645,1955 Q2
1955-07-01,152285,1955 Q3
1955-10-01,151421,1955 Q4
1956-01-01,153195,1956 Q1
1956-04-01,153072,1956 Q2
1956-07-01,152881,1956 Q3
1956-10-01,153882,1956 Q4
1957-01-01,156639,1957 Q1
1957-04-01,156643,1957 Q2
1957-07-01,155626,1957 Q3
1957-10-01,156172,1957 Q4
1958-01-01,159561,1958 Q1
1958-04-01,155528,1958 Q2
1958-07-01,158932,1958 Q3
1958-10-01,159397,1958 Q4
1959-01-01,160372,1959 Q1
1959-04-01,162977,1959 Q2
1959-07-01,166455,1959 Q3
1959-10-01,170692,1959 Q4
1960-01-01,175011,1960 Q1
1960-04-01,173721,1960 Q2
1960-07-01,176321,1960 Q3
1960-10-01,177278,1960 Q4
1961-01-01,180243,1961 Q1
1961-04-01,181003,1961 Q2
1961-07-01,180130,1961 Q3
1961-10-01,179728,1961 Q4
1962-01-01,180541,1962 Q1
1962-04-01,182243,1962 Q2
1962-07-01,183384,1962 Q3
1962-10-01,182645,1962 Q4
1963-01-01,183514,1963 Q1
1963-04-01,191445,1963 Q2
1963-07-01,192368,1963 Q3
1963-10-01,196677,1963 Q4
1964-01-01,197986,1964 Q1
1964-04-01,201702,1964 Q2
1964-07-01,202401,1964 Q3
1964-10-01,205579,1964 Q4
1965-01-01,204957,1965 Q1
1965-04-01,205131,1965 Q2
1965-07-01,206723,1965 Q3
1965-10-01,208027,1965 Q4
1966-01-01,208371,1966 Q1
1966-04-01,209574,1966 Q2
1966-07-01,210287,1966 Q3
1966-10-01,209432,1966 Q4
1967-01-01,212235,1967 Q1
1967-04-01,215215,1967 Q2
1967-07-01,216093,1967 Q3
1967-10-01,217196,1967 Q4
1968-01-01,225234,1968 Q1
1968-04-01,224342,1968 Q2
1968-07-01,228687,1968 Q3
1968-10-01,229509,1968 Q4
1969-01-01,229113,1969 Q1
1969-04-01,230811,1969 Q2
1969-07-01,232080,1969 Q3
1969-10-01,233131,1969 Q4
1970-01-01,231686,1970 Q1
1970-04-01,237214,1970 Q2
1970-07-01,239502,1970 Q3
1970-10-01,241704,1970 Q4
1971-01-01,240571,1971 Q1
1971-04-01,244863,1971 Q2
1971-07-01,249022,1971 Q3
1971-10-01,249987,1971 Q4
1972-01-01,250488,1972 Q1
1972-04-01,257132,1972 Q2
1972-07-01,257810,1972 Q3
1972-10-01,261816,1972 Q4
1973-01-01,274689,1973 Q1
1973-04-01,275222,1973 Q2
1973-07-01,272607,1973 Q3
1973-10-01,271527,1973 Q4
1974-01-01,264017,1974 Q1
1974-04-01,267806,1974 Q2
1974-07-01,269402,1974 Q3
1974-10-01,265423,1974 Q4
1975-01-01,265496,1975 Q1
1975-04-01,261184,1975 Q2
1975-07-01,260372,1975 Q3
1975-10-01,263309,1975 Q4
1976-01-01,267728,1976 Q1
1976-04-01,267351,1976 Q2
1976-07-01,270672,1976 Q3
1976-10-01,276379,1976 Q4
1977-01-01,276568,1977 Q1
1977-04-01,274663,1977 Q2
1977-07-01,276458,1977 Q3
1977-10-01,281140,1977 Q4
1978-01-01,283735,1978 Q1
1978-04-01,287025,1978 Q2
1978-07-01,290925,1978 Q3
1978-10-01,293521,1978 Q4
1979-01-01,292622,1979 Q1
1979-04-01,305350,1979 Q2
1979-07-01,298622,1979 Q3
1979-10-01,301684,1979 Q4
1980-01-01,298693,1980 Q1
1980-04-01,292860,1980 Q2
1980-07-01,292525,1980 Q3
1980-10-01,289547,1980 Q4
1981-01-01,289273,1981 Q1
1981-04-01,290203,1981 Q2
1981-07-01,293600,1981 Q3
1981-10-01,294003,1981 Q4
1982-01-01,294455,1982 Q1
1982-04-01,297509,1982 Q2
1982-07-01,298136,1982 Q3
1982-10-01,300193,1982 Q4
1983-01-01,306066,1983 Q1
1983-04-01,308190,1983 Q2
1983-07-01,311756,1983 Q3
1983-10-01,314099,1983 Q4
1984-01-01,316778,1984 Q1
1984-04-01,313594,1984 Q2
1984-07-01,315912,1984 Q3
1984-10-01,321638,1984 Q4
1985-01-01,324776,1985 Q1
1985-04-01,331672,1985 Q2
1985-07-01,331607,1985 Q3
1985-10-01,331786,1985 Q4
1986-01-01,335245,1986 Q1
1986-04-01,338252,1986 Q2
1986-07-01,340405,1986 Q3
1986-10-01,347003,1986 Q4
1987-01-01,349434,1987 Q1
1987-04-01,354631,1987 Q2
1987-07-01,363476,1987 Q3
1987-10-01,367676,1987 Q4
1988-01-01,373673,1988 Q1
1988-04-01,375652,1988 Q2
1988-07-01,380352,1988 Q3
1988-10-01,383412,1988 Q4
1989-01-01,385340,1989 Q1
1989-04-01,387720,1989 Q2
1989-07-01,388366,1989 Q3
1989-10-01,388266,1989 Q4
1990-01-01,390264,1990 Q1
1990-04-01,392878,1990 Q2
1990-07-01,388560,1990 Q3
1990-10-01,386550,1990 Q4
1991-01-01,384627,1991 Q1
1991-04-01,384166,1991 Q2
1991-07-01,383434,1991 Q3
1991-10-01,383909,1991 Q4
1992-01-01,383862,1992 Q1
1992-04-01,383252,1992 Q2
1992-07-01,385120,1992 Q3
1992-10-01,388076,1992 Q4
1993-01-01,390122,1993 Q1
1993-04-01,391789,1993 Q2
1993-07-01,395393,1993 Q3
1993-10-01,398057,1993 Q4
1994-01-01,402079,1994 Q1
1994-04-01,405740,1994 Q2
1994-07-01,409852,1994 Q3
1994-10-01,411597,1994 Q4
1995-01-01,413800,1995 Q1
1995-04-01,414682,1995 Q2
1995-07-01,419350,1995 Q3
1995-10-01,420665,1995 Q4
1996-01-01,423579,1996 Q1
1996-04-01,424928,1996 Q2
1996-07-01,428858,1996 Q3
1996-10-01,434819,1996 Q4
1997-01-01,441650,1997 Q1
1997-04-01,446579,1997 Q2
1997-07-01,450402,1997 Q3
1997-10-01,457408,1997 Q4
1998-01-01,460478,1998 Q1
1998-04-01,463136,1998 Q2
1998-07-01,463887,1998 Q3
1998-10-01,466966,1998 Q4
1999-01-01,470017,1999 Q1
1999-04-01,471691,1999 Q2
1999-07-01,479581,1999 Q3
1999-10-01,487109,1999 Q4
2000-01-01,493547,2000 Q1
2000-04-01,497642,2000 Q2
2000-07-01,500566,2000 Q3
2000-10-01,503418,2000 Q4
2001-01-01,507289,2001 Q1
2001-04-01,509467,2001 Q2
2001-07-01,512202,2001 Q3
2001-10-01,513974,2001 Q4
2002-01-01,515262,2002 Q1
2002-04-01,517725,2002 Q2
2002-07-01,520744,2002 Q3
2002-10-01,524158,2002 Q4
2003-01-01,528571,2003 Q1
2003-04-01,533537,2003 Q2
2003-07-01,538935,2003 Q3
2003-10-01,543272,2003 Q4
2004-01-01,545193,2004 Q1
2004-04-01,547658,2004 Q2
2004-07-01,549666,2004 Q3
2004-10-01,552143,2004 Q4
2005-01-01,556329,2005 Q1
2005-04-01,560861,2005 Q2
2005-07-01,566069,2005 Q3
2005-10-01,571655,2005 Q4
2006-01-01,573917,2006 Q1
2006-04-01,575381,2006 Q2
2006-07-01,576668,2006 Q3
2006-10-01,578813,2006 Q4
2007-01-01,585424,2007 Q1
2007-04-01,590804,2007 Q2
2007-07-01,596256,2007 Q3
2007-10-01,601286,2007 Q4
2008-01-01,603488,2008 Q1
2008-04-01,600675,2008 Q2
2008-07-01,591381,2008 Q3
2008-10-01,578708,2008 Q4
2009-01-01,567048,2009 Q1
2009-04-01,565527,2009 Q2
2009-07-01,566340,2009 Q3
2009-10-01,568098,2009 Q4
2010-01-01,573422,2010 Q1
2010-04-01,580342,2010 Q2
2010-07-01,583984,2010 Q3
2010-10-01,584783,2010 Q4
2011-01-01,585700,2011 Q1
2011-04-01,586054,2011 Q2
2011-07-01,587389,2011 Q3
2011-10-01,587818,2011 Q4
2012-01-01,594041,2012 Q1
2012-04-01,593660,2012 Q2
2012-07-01,599307,2012 Q3
2012-10-01,598683,2012 Q4
2013-01-01,601093,2013 Q1
2013-04-01,605505,2013 Q2
2013-07-01,610184,2013 Q3
2013-10-01,614623,2013 Q4
2014-01-01,619692,2014 Q1
2014-04-01,625144,2014 Q2
2014-07-01,629997,2014 Q3
2014-10-01,634318,2014 Q4
2015-01-01,636055,2015 Q1
2015-04-01,639481,2015 Q2
2015-07-01,642325,2015 Q3
2015-10-01,645860,2015 Q4
2016-01-01,649328,2016 Q1
2016-04-01,654127,2016 Q2
2016-07-01,656515,2016 Q3
2016-10-01,660563,2016 Q4
2017-01-01,668085,2017 Q1
2017-04-01,674559,2017 Q2
2017-07-01,679535,2017 Q3
2017-10-01,685220,2017 Q4
2018-01-01,685598,2018 Q1
2018-04-01,686829,2018 Q2
2018-07-01,689176,2018 Q3
2018-10-01,690171,2018 Q4
2019-01-01,693916,2019 Q1
2019-04-01,695449,2019 Q2
2019-07-01,699774,2019 Q3
2019-10-01,700898,2019 Q4
2020-01-01,681079,2020 Q1
2020-04-01,545357,2020 Q2
2020-07-01,637325,2020 Q3
2020-10-01,645983,2020 Q4
2021-01-01,639155,2021 Q1
2021-04-01,683804,2021 Q2
2021-07-01,695448,2021 Q3
2021-10-01,705106,2021 Q4
2022-01-01,711195,2022 Q1
2022-04-01,715183,2022 Q2
2022-07-01,715908,2022 Q3
2022-10-01,717973,2022 Q4
2023-01-01,719034,2023 Q1
2023-04-01,719338,2023 Q2
2023-07-01,718217,2023 Q3
2023-10-01,716359,2023 Q4
2024-01-01,721604,2024 Q1
2024-04-01,726081,2024 Q2
2024-07-01,727325,2024 Q3
2024-10-01,729940,2024 Q4
2025-01-01,734321,2025 Q1
2025-04-01,734373,2025 Q2
2025-07-01,735710,2025 Q3
2025-10-01,735791,2025 Q4
2026-01-01,740509,2026 Q1
2026-04-01,744453,2026 Q2
